{"cameraMode":{"drawMode":0,"name":"Shaded","section":"Shading Mode"},"sceneLighting":true,"audioPlay":false,"sceneViewState":{"m_AlwaysRefresh":false,"showFog":true,"showSkybox":true,"showFlares":true,"showImageEffects":true,"showParticleSystems":true,"showVisualEffectGraphs":true,"m_FxEnabled":true},"in2DMode":false,"pivot":{"x":8.579476356506348,"y":2.299478530883789,"z":7.769297122955322},"rotation":{"x":0.12267076969146729,"y":-0.12027306854724884,"z":0.014978273771703244,"w":0.9850219488143921},"size":2.379546880722046,"orthographic":false}